symbol,expiration,option_type,strike,bid,ask,volume,open_interest
DEMO,2026-08-25,call,90.0,10.1931,10.7158,300,1400
DEMO,2026-08-25,call,95.0,5.9728,6.2791,400,1700
DEMO,2026-08-25,call,100.0,2.8345,2.9798,500,2000
DEMO,2026-08-25,call,105.0,0.35,6.15,400,1700
DEMO,2026-08-25,call,110.0,0.2526,0.3526,300,1400
DEMO,2026-08-25,put,90.0,0.109,0.209,300,1400
DEMO,2026-08-25,put,95.0,0.7641,0.8641,400,1700
DEMO,2026-08-25,put,100.0,2.5145,2.6434,500,2000
DEMO,2026-08-25,put,105.0,5.5851,5.8715,400,1700
DEMO,2026-08-25,put,110.0,9.693,10.1901,300,1400
